Date,msft,sp500,msft_lag1,price_msft
2017-08-31,-0.7936630249023438,14.059814453125,0.7267379760742188,71.4961166381836
2017-09-01,-0.3155517578125,4.900146484375,-0.7936630249023438,70.70245361328125
2017-09-05,-0.2008056640625,-18.699951171875,-0.3155517578125,70.38690185546875
2017-09-06,0.898834228515625,7.68994140625,-0.2008056640625,70.18609619140625
2017-09-07,-0.34423065185546875,-0.43994140625,0.898834228515625,71.08493041992188
2017-09-08,0.7458419799804688,-3.670166015625,-0.34423065185546875,70.7406997680664
2017-09-11,-0.0764923095703125,26.68017578125,0.7458419799804688,71.48654174804688
2017-09-12,0.5067901611328125,8.369873046875,-0.0764923095703125,71.41004943847656
2017-09-13,-0.42072296142578125,1.89013671875,0.5067901611328125,71.91683959960938
2017-09-14,0.5163345336914062,-2.75,-0.42072296142578125,71.4961166381836
2017-09-15,-0.14340972900390625,4.60986328125,0.5163345336914062,72.012451171875
2017-09-18,0.26773834228515625,3.64013671875,-0.14340972900390625,71.8690414428711
2017-09-19,-0.478118896484375,2.77978515625,0.26773834228515625,72.13677978515625
2017-09-20,-0.6980514526367188,1.590087890625,-0.478118896484375,71.65866088867188
2017-09-21,0.19126129150390625,-7.639892578125,-0.6980514526367188,70.96060943603516
2017-09-22,-1.0996551513671875,1.619873046875,0.19126129150390625,71.15187072753906
2017-09-25,0.0,-5.56005859375,-1.0996551513671875,70.05221557617188
2017-09-26,0.5641708374023438,0.18017578125,0.0,70.05221557617188
2017-09-27,0.019134521484375,10.199951171875,0.5641708374023438,70.61638641357422
2017-09-28,0.5928421020507812,3.02001953125,0.019134521484375,70.6355209350586
2017-09-29,0.11474609375,9.300048828125,0.5928421020507812,71.22836303710938
2017-10-02,-0.3346710205078125,9.760009765625,0.11474609375,71.34310913085938
2017-10-03,0.41117095947265625,5.4599609375,-0.3346710205078125,71.00843811035156
2017-10-04,1.2239456176757812,3.159912109375,0.41117095947265625,71.41960906982422
2017-10-05,0.0287017822265625,14.330078125,1.2239456176757812,72.6435546875
2017-10-06,0.2772979736328125,-2.739990234375,0.0287017822265625,72.67225646972656
2017-10-09,0.0,-4.60009765625,0.2772979736328125,72.94955444335938
2017-10-10,0.124298095703125,5.909912109375,0.0,72.94955444335938
2017-10-11,0.669342041015625,4.60009765625,0.124298095703125,73.0738525390625
2017-10-12,0.35381317138671875,-4.31005859375,0.669342041015625,73.74319458007812
2017-10-13,0.152984619140625,2.239990234375,0.35381317138671875,74.09700775146484
2017-10-16,-0.05736541748046875,4.469970703125,0.152984619140625,74.24999237060547
2017-10-17,0.01912689208984375,1.72021484375,-0.05736541748046875,74.192626953125
2017-10-18,0.28687286376953125,1.89990234375,0.01912689208984375,74.21175384521484
2017-10-19,0.8605880737304688,0.840087890625,0.28687286376953125,74.49862670898438
2017-10-20,0.01912689208984375,13.10986328125,0.8605880737304688,75.35921478271484
2017-10-23,0.0286712646484375,-10.22998046875,0.01912689208984375,75.37834167480469
2017-10-24,-0.21991729736328125,4.14990234375,0.0286712646484375,75.40701293945312
2017-10-25,0.12429046630859375,-11.97998046875,-0.21991729736328125,75.18709564208984
2017-10-26,4.828887939453125,3.25,0.12429046630859375,75.31138610839844
2017-10-27,0.07649993896484375,20.670166015625,4.828887939453125,80.14027404785156
2017-10-30,-0.6789093017578125,-8.239990234375,0.07649993896484375,80.2167739868164
2017-10-31,0.0,2.429931640625,-0.6789093017578125,79.5378646850586
2017-11-01,0.8319091796875,4.10009765625,0.0,79.5378646850586
2017-11-02,0.08605194091796875,0.489990234375,0.8319091796875,80.3697738647461
2017-11-03,0.31555938720703125,7.989990234375,0.08605194091796875,80.45582580566406
2017-11-06,-0.19126129150390625,3.289794921875,0.31555938720703125,80.7713851928711
2017-11-07,0.277313232421875,-0.489990234375,-0.19126129150390625,80.58012390136719
2017-11-08,-0.44942474365234375,3.739990234375,0.277313232421875,80.85743713378906
2017-11-09,-0.21035003662109375,-9.759765625,-0.44942474365234375,80.40801239013672
2017-11-10,0.05736541748046875,-2.320068359375,-0.21035003662109375,80.19766235351562
2017-11-13,0.11474609375,2.5400390625,0.05736541748046875,80.2550277709961
2017-11-14,-0.6246566772460938,-5.969970703125,0.11474609375,80.3697738647461
2017-11-15,0.2114105224609375,-14.25,-0.6246566772460938,79.7451171875
2017-11-16,-0.768798828125,21.019775390625,0.2114105224609375,79.95652770996094
2017-11-17,0.12491607666015625,-6.789794921875,-0.768798828125,79.18772888183594
2017-11-20,1.14361572265625,3.289794921875,0.12491607666015625,79.3126449584961
2017-11-21,-0.5862045288085938,16.89013671875,1.14361572265625,80.45626068115234
2017-11-22,0.144134521484375,-1.949951171875,-0.5862045288085938,79.87005615234375
2017-11-24,0.5862274169921875,5.33984375,0.144134521484375,80.01419067382812
2017-11-27,0.9706192016601562,-1.0,0.5862274169921875,80.60041809082031
2017-11-28,-1.4799652099609375,25.6201171875,0.9706192016601562,81.57103729248047
2017-11-29,0.797637939453125,-0.969970703125,-1.4799652099609375,80.09107208251953
2017-11-30,0.0865020751953125,21.510009765625,0.797637939453125,80.88871002197266
2017-12-01,-3.0560150146484375,-5.360107421875,0.0865020751953125,80.97521209716797
2017-12-04,0.4900970458984375,-2.780029296875,-3.0560150146484375,77.91919708251953
2017-12-05,1.14361572265625,-9.869873046875,0.4900970458984375,78.40929412841797
2017-12-06,-0.2787017822265625,-0.300048828125,1.14361572265625,79.55290985107422
2017-12-07,1.6049041748046875,7.7099609375,-0.2787017822265625,79.27420806884766
2017-12-08,1.0282821655273438,14.52001953125,1.6049041748046875,80.87911224365234
2017-12-11,0.3363494873046875,8.489990234375,1.0282821655273438,81.90739440917969
2017-12-12,-0.2210235595703125,4.1201171875,0.3363494873046875,82.24374389648438
2017-12-13,-0.6342849731445312,-1.260009765625,-0.2210235595703125,82.02272033691406
2017-12-14,2.0758056640625,-10.840087890625,-0.6342849731445312,81.38843536376953
2017-12-15,-0.4516754150390625,23.800048828125,2.0758056640625,83.46424102783203
2017-12-18,-0.5285568237304688,14.349853515625,-0.4516754150390625,83.01256561279297
2017-12-19,-0.29790496826171875,-8.68994140625,-0.5285568237304688,82.4840087890625
2017-12-20,-0.01922607421875,-2.219970703125,-0.29790496826171875,82.18610382080078
2017-12-21,0.0095977783203125,5.320068359375,-0.01922607421875,82.16687774658203
2017-12-22,-0.10570526123046875,-1.22998046875,0.0095977783203125,82.17647552490234
2017-12-26,0.29790496826171875,-2.840087890625,-0.10570526123046875,82.07077026367188
2017-12-27,0.009613037109375,2.1201171875,0.29790496826171875,82.3686752319336
2017-12-28,-0.17296600341796875,4.919921875,0.009613037109375,82.37828826904297
2017-12-29,0.3939971923828125,-13.929931640625,-0.17296600341796875,82.205322265625
2018-01-02,0.38440704345703125,22.199951171875,0.3939971923828125,82.59931945800781
2018-01-03,0.7303924560546875,17.25,0.38440704345703125,82.98372650146484
2018-01-04,1.0378952026367188,10.929931640625,0.7303924560546875,83.71411895751953
2018-01-05,0.0864715576171875,19.159912109375,1.0378952026367188,84.75201416015625
2018-01-08,-0.057647705078125,4.56005859375,0.0864715576171875,84.83848571777344
2018-01-09,-0.3843994140625,3.580078125,-0.057647705078125,84.78083801269531
2018-01-10,0.249847412109375,-3.06005859375,-0.3843994140625,84.39643859863281
2018-01-11,1.4607467651367188,19.330078125,0.249847412109375,84.64628601074219
2018-01-12,-1.2012710571289062,18.679931640625,1.4607467651367188,86.1070327758789
2018-01-16,1.72021484375,-9.820068359375,-1.2012710571289062,84.90576171875
2018-01-17,-0.03842926025390625,26.14013671875,1.72021484375,86.6259765625
2018-01-18,-0.09610748291015625,-4.530029296875,-0.03842926025390625,86.5875473022461
2018-01-19,1.5472259521484375,12.27001953125,-0.09610748291015625,86.49143981933594
2018-01-22,0.278717041015625,22.669921875,1.5472259521484375,88.03866577148438
2018-01-23,-0.076904296875,6.159912109375,0.278717041015625,88.3173828125
2018-01-24,0.490142822265625,-1.58984375,-0.076904296875,88.240478515625
2018-01-25,1.6625518798828125,1.7099609375,0.490142822265625,88.73062133789062
2018-01-26,-0.134552001953125,33.6201171875,1.6625518798828125,90.39317321777344
2018-01-29,-1.1339950561523438,-19.340087890625,-0.134552001953125,90.25862121582031
2018-01-30,2.1815032958984375,-31.10009765625,-1.1339950561523438,89.12462615966797
2018-01-31,-0.7207565307617188,1.380126953125,2.1815032958984375,91.3061294555664
2018-02-01,-2.383331298828125,-1.830078125,-0.7207565307617188,90.58537292480469
2018-02-02,-3.6326217651367188,-59.85009765625,-2.383331298828125,88.20204162597656
2018-02-05,3.200164794921875,-113.18994140625,-3.6326217651367188,84.56941986083984
2018-02-06,-1.6529388427734375,46.199951171875,3.200164794921875,87.76958465576172
2018-02-07,-4.420661926269531,-13.47998046875,-1.6529388427734375,86.11664581298828
2018-02-08,3.0464096069335938,-100.659912109375,-4.420661926269531,81.69598388671875
2018-02-09,0.9129486083984375,38.550048828125,3.0464096069335938,84.74239349365234
2018-02-12,0.6727294921875,36.449951171875,0.9129486083984375,85.65534210205078
2018-02-13,1.3517532348632812,6.93994140625,0.6727294921875,86.32807159423828
2018-02-14,1.7862167358398438,35.68994140625,1.3517532348632812,87.67982482910156
2018-02-15,-0.6372451782226562,32.570068359375,1.7862167358398438,89.4660415649414
2018-02-16,0.6951828002929688,1.02001953125,-0.6372451782226562,88.82879638671875
2018-02-20,-1.1876144409179688,-15.9599609375,0.6951828002929688,89.52397918701172
2018-02-21,0.23174285888671875,-14.929931640625,-1.1876144409179688,88.33636474609375
2018-02-22,2.2496795654296875,2.6298828125,0.23174285888671875,88.56810760498047
2018-02-23,1.3131103515625,43.340087890625,2.2496795654296875,90.81778717041016
2018-02-26,-1.1779251098632812,32.300048828125,1.3131103515625,92.13089752197266
2018-02-27,-0.41518402099609375,-35.320068359375,-1.1779251098632812,90.95297241210938
2018-02-28,-0.8882904052734375,-30.449951171875,-0.41518402099609375,90.53778839111328
2018-03-01,0.19310760498046875,-36.16015625,-0.8882904052734375,89.64949798583984
2018-03-02,0.5696640014648438,13.580078125,0.19310760498046875,89.84260559082031
2018-03-05,-0.3089752197265625,29.68994140625,0.5696640014648438,90.41226959228516
2018-03-06,0.5213851928710938,7.18017578125,-0.3089752197265625,90.1032943725586
2018-03-07,0.55035400390625,-1.320068359375,0.5213851928710938,90.62467956542969
2018-03-08,2.0372695922851562,12.169921875,0.55035400390625,91.17503356933594
2018-03-09,0.2220611572265625,47.60009765625,2.0372695922851562,93.2123031616211
2018-03-12,-2.2786331176757812,-3.550048828125,0.2220611572265625,93.43436431884766
2018-03-13,-0.54071044921875,-17.7099609375,-2.2786331176757812,91.15573120117188
2018-03-14,0.318634033203125,-15.830078125,-0.54071044921875,90.61502075195312
2018-03-15,0.405517578125,-2.14990234375,0.318634033203125,90.93365478515625
2018-03-16,-1.65106201171875,4.679931640625,0.405517578125,91.33917236328125
2018-03-19,0.23172760009765625,-39.090087890625,-1.65106201171875,89.6881103515625
2018-03-20,-0.6275863647460938,4.02001953125,0.23172760009765625,89.91983795166016
2018-03-21,-2.5972824096679688,-5.010009765625,-0.6275863647460938,89.29225158691406
2018-03-22,-2.52001953125,-68.239990234375,-2.5972824096679688,86.6949691772461
2018-03-23,6.37249755859375,-55.429931640625,-2.52001953125,84.1749496459961
2018-03-26,-4.161445617675781,70.2900390625,6.37249755859375,90.54744720458984
2018-03-27,-0.07724761962890625,-45.929931640625,-4.161445617675781,86.38600158691406
2018-03-28,1.8152008056640625,-7.6201171875,-0.07724761962890625,86.30875396728516
2018-03-29,-2.6552047729492188,35.8701171875,1.8152008056640625,88.12395477294922
2018-04-02,1.1489715576171875,-58.990234375,-2.6552047729492188,85.46875
2018-04-03,2.5297012329101562,32.570068359375,1.1489715576171875,86.61772155761719
2018-04-04,0.0482635498046875,30.239990234375,2.5297012329101562,89.14742279052734
2018-04-05,-2.0758819580078125,18.150146484375,0.0482635498046875,89.19568634033203
2018-04-06,0.5213775634765625,-58.3701171875,-2.0758819580078125,87.11980438232422
2018-04-09,2.0372772216796875,8.68994140625,0.5213775634765625,87.64118194580078
2018-04-10,-0.9848403930664062,43.710205078125,2.0372772216796875,89.67845916748047
2018-04-11,1.66070556640625,-14.68017578125,-0.9848403930664062,88.69361877441406
2018-04-12,-0.48276519775390625,21.800048828125,1.66070556640625,90.35432434082031
2018-04-13,1.0524368286132812,-7.68994140625,-0.48276519775390625,89.8715591430664
2018-04-16,1.8344879150390625,21.5400390625,1.0524368286132812,90.92399597167969
2018-04-17,0.35726165771484375,28.5498046875,1.8344879150390625,92.75848388671875
2018-04-18,-0.31862640380859375,2.25,0.35726165771484375,93.1157455444336
2018-04-19,-1.0717391967773438,-15.510009765625,-0.31862640380859375,92.797119140625
2018-04-20,0.33792877197265625,-22.989990234375,-1.0717391967773438,91.72537994384766
2018-04-23,-2.1531295776367188,0.150146484375,0.33792877197265625,92.06330871582031
2018-04-24,-0.782073974609375,-35.72998046875,-2.1531295776367188,89.9101791381836
2018-04-25,1.882781982421875,4.83984375,-0.782073974609375,89.12810516357422
2018-04-26,1.5062332153320312,27.5400390625,1.882781982421875,91.0108871459961
2018-04-27,-2.220733642578125,2.969970703125,1.5062332153320312,92.51712036132812
2018-04-30,1.4289932250976562,-21.85986328125,-2.220733642578125,90.29638671875
2018-05-01,-1.438629150390625,6.75,1.4289932250976562,91.72537994384766
2018-05-02,0.5406875610351562,-19.130126953125,-1.438629150390625,90.28675079345703
2018-05-03,1.05242919921875,-5.93994140625,0.5406875610351562,90.82743835449219
2018-05-04,1.0234527587890625,33.68994140625,1.05242919921875,91.87986755371094
2018-05-07,-0.3958587646484375,9.2099609375,1.0234527587890625,92.9033203125
2018-05-08,1.0910415649414062,-0.7099609375,-0.3958587646484375,92.50746154785156
2018-05-09,0.9365615844726562,25.8701171875,1.0910415649414062,93.59850311279297
2018-05-10,-0.2027587890625,25.280029296875,0.9365615844726562,94.53506469726562
2018-05-11,0.318634033203125,4.64990234375,-0.2027587890625,94.33230590820312
2018-05-14,-0.685516357421875,2.409912109375,0.318634033203125,94.65093994140625
2018-05-15,0.24240875244140625,-18.679931640625,-0.685516357421875,93.96542358398438
2018-05-16,-0.9406051635742188,11.010009765625,0.24240875244140625,94.20783233642578
2018-05-17,0.17453765869140625,-2.330078125,-0.9406051635742188,93.26722717285156
2018-05-18,1.2024612426757812,-7.159912109375,0.17453765869140625,93.44176483154297
2018-05-21,-0.09697723388671875,20.0400390625,1.2024612426757812,94.64422607421875
2018-05-22,1.1248626708984375,-8.570068359375,-0.09697723388671875,94.54724884033203
2018-05-23,-0.3394012451171875,8.85009765625,1.1248626708984375,95.67211151123047
2018-05-24,0.04848480224609375,-5.530029296875,-0.3394012451171875,95.33271026611328
2018-05-25,-0.3394012451171875,-6.429931640625,0.04848480224609375,95.38119506835938
2018-05-29,0.9115219116210938,-31.469970703125,-0.3394012451171875,95.04179382324219
2018-05-30,-0.106658935546875,34.14990234375,0.9115219116210938,95.95331573486328
2018-05-31,1.8909530639648438,-18.739990234375,-0.106658935546875,95.8466567993164
2018-06-01,0.8533554077148438,29.35009765625,1.8909530639648438,97.73760986328125
2018-06-04,0.504241943359375,12.25,0.8533554077148438,98.5909652709961
2018-06-05,0.29091644287109375,1.929931640625,0.504241943359375,99.09520721435547
2018-06-06,-1.5612411499023438,23.550048828125,0.29091644287109375,99.38612365722656
2018-06-07,0.7272796630859375,-1.97998046875,-1.5612411499023438,97.82488250732422
2018-06-08,-0.5624313354492188,8.659912109375,0.7272796630859375,98.55216217041016
2018-06-11,0.25213623046875,2.969970703125,-0.5624313354492188,97.98973083496094
2018-06-12,-0.44608306884765625,4.85009765625,0.25213623046875,98.24186706542969
2018-06-13,0.5527420043945312,-11.22021484375,-0.44608306884765625,97.79578399658203
2018-06-14,-1.2509307861328125,6.860107421875,0.5527420043945312,98.34852600097656
2018-06-15,0.7078933715820312,-2.830078125,-1.2509307861328125,97.09759521484375
2018-06-18,0.0,-5.909912109375,0.7078933715820312,97.80548858642578
2018-06-19,0.9794158935546875,-11.159912109375,0.0,97.80548858642578
2018-06-20,-0.7078933715820312,4.72998046875,0.9794158935546875,98.78490447998047
2018-06-21,-0.7078933715820312,-17.56005859375,-0.7078933715820312,98.07701110839844
2018-06-22,-1.9588165283203125,5.119873046875,-0.7078933715820312,97.3691177368164
2018-06-25,0.669097900390625,-37.809814453125,-1.9588165283203125,95.4103012084961
2018-06-26,-1.4933624267578125,5.989990234375,0.669097900390625,96.07939910888672
2018-06-27,1.0569839477539062,-23.43017578125,-1.4933624267578125,94.5860366821289
2018-06-28,-0.0193939208984375,16.68017578125,1.0569839477539062,95.64302062988281
2018-06-29,1.3576126098632812,2.06005859375,-0.0193939208984375,95.62362670898438
2018-07-02,-0.9309310913085938,8.33984375,1.3576126098632812,96.98123931884766
2018-07-03,0.6884994506835938,-13.489990234375,-0.9309310913085938,96.05030822753906
2018-07-05,1.35760498046875,23.39013671875,0.6884994506835938,96.73880767822266
2018-07-06,0.6690902709960938,23.2099609375,1.35760498046875,98.0964126586914
2018-07-09,0.26181793212890625,24.349853515625,0.6690902709960938,98.7655029296875
2018-07-10,-0.13574981689453125,9.670166015625,0.26181793212890625,99.0273208618164
2018-07-11,2.1430740356445312,-19.820068359375,-0.13574981689453125,98.89157104492188
2018-07-12,1.2024459838867188,24.27001953125,2.1430740356445312,101.0346450805664
2018-07-13,-0.5042648315429688,3.02001953125,1.2024459838867188,102.23709106445312
2018-07-16,1.0085220336914062,-2.880126953125,-0.5042648315429688,101.73282623291016
2018-07-17,-0.8048782348632812,11.1201171875,1.0085220336914062,102.74134826660156
2018-07-18,-0.69818115234375,6.070068359375,-0.8048782348632812,101.93647003173828
2018-07-19,1.8133468627929688,-11.130126953125,-0.69818115234375,101.23828887939453
2018-07-20,1.6485443115234375,-2.659912109375,1.8133468627929688,103.0516357421875
2018-07-23,-0.30063629150390625,5.14990234375,1.6485443115234375,104.70018005371094
2018-07-24,3.074005126953125,13.419921875,-0.30063629150390625,104.39954376220703
2018-07-25,-1.1733551025390625,25.670166015625,3.074005126953125,107.47354888916016
2018-07-26,-1.8812484741210938,-8.630126953125,-1.1733551025390625,106.3001937866211
2018-07-27,-2.2400360107421875,-18.619873046875,-1.8812484741210938,104.4189453125
2018-07-30,0.6884994506835938,-16.219970703125,-2.2400360107421875,102.17890930175781
2018-07-31,0.193939208984375,13.68994140625,0.6884994506835938,102.8674087524414
2018-08-01,1.2509307861328125,-2.929931640625,0.193939208984375,103.06134796142578
2018-08-02,0.45577239990234375,13.85986328125,1.2509307861328125,104.3122787475586
2018-08-03,0.0872650146484375,13.130126953125,0.45577239990234375,104.76805114746094
2018-08-06,0.7272796630859375,10.0498046875,0.0872650146484375,104.85531616210938
2018-08-07,0.5915298461914062,8.050048828125,0.7272796630859375,105.58259582519531
2018-08-08,0.17455291748046875,-0.75,0.5915298461914062,106.17412567138672
2018-08-09,-0.6497039794921875,-4.119873046875,0.17455291748046875,106.34867858886719
2018-08-10,-0.7660751342773438,-20.300048828125,-0.6497039794921875,105.698974609375
2018-08-13,1.309112548828125,-11.35009765625,-0.7660751342773438,104.93289947509766
2018-08-14,-1.4406967163085938,18.030029296875,1.309112548828125,106.24201202392578
2018-08-15,-0.01947021484375,-21.58984375,-1.4406967163085938,104.80131530761719
2018-08-16,-0.05841064453125,22.31982421875,-0.01947021484375,104.78184509277344
2018-08-17,-0.691131591796875,9.43994140625,-0.05841064453125,104.72343444824219
2018-08-20,-0.8663711547851562,6.920166015625,-0.691131591796875,104.03230285644531
2018-08-21,1.0513076782226562,5.909912109375,-0.8663711547851562,103.16593170166016
2018-08-22,0.486724853515625,-1.139892578125,1.0513076782226562,104.21723937988281
2018-08-23,0.8177032470703125,-4.840087890625,0.486724853515625,104.70396423339844
2018-08-24,1.168121337890625,17.7099609375,0.8177032470703125,105.52166748046875
2018-08-27,0.6425018310546875,22.050048828125,1.168121337890625,106.68978881835938
2018-08-28,1.7132492065429688,0.780029296875,0.6425018310546875,107.33229064941406
2018-08-29,-0.06813812255859375,16.52001953125,1.7132492065429688,109.04553985595703
2018-08-30,0.36991119384765625,-12.91015625,-0.06813812255859375,108.97740173339844
2018-08-31,-0.6035385131835938,0.39013671875,0.36991119384765625,109.3473129272461
2018-09-04,-3.1345062255859375,-4.800048828125,-0.6035385131835938,108.7437744140625
2018-09-05,0.24335479736328125,-8.119873046875,-3.1345062255859375,105.60926818847656
2018-09-06,-0.5159149169921875,-10.550048828125,0.24335479736328125,105.85262298583984
2018-09-07,1.1389312744140625,-6.3701171875,-0.5159149169921875,105.33670806884766
2018-09-10,1.8106002807617188,5.449951171875,1.1389312744140625,106.47563934326172
2018-09-11,0.4575347900390625,10.760009765625,1.8106002807617188,108.28623962402344
2018-09-12,1.1681289672851562,1.030029296875,0.4575347900390625,108.7437744140625
2018-09-13,0.44779205322265625,15.260009765625,1.1681289672851562,109.91190338134766
2018-09-14,-1.1973342895507812,0.800048828125,0.44779205322265625,110.35969543457031
2018-09-17,1.0415725708007812,-16.179931640625,-1.1973342895507812,109.16236114501953
2018-09-18,-1.46990966796875,15.510009765625,1.0415725708007812,110.20393371582031
2018-09-19,1.8203582763671875,3.639892578125,-1.46990966796875,108.73402404785156
2018-09-20,0.67169189453125,22.800048828125,1.8203582763671875,110.55438232421875
2018-09-21,0.39910125732421875,-1.080078125,0.67169189453125,111.22607421875
2018-09-24,-0.21416473388671875,-10.2998046875,0.39910125732421875,111.62517547607422
2018-09-25,-0.45749664306640625,-3.81005859375,-0.21416473388671875,111.4110107421875
2018-09-26,0.4185638427734375,-9.590087890625,-0.45749664306640625,110.9535140991211
2018-09-27,-0.03894805908203125,8.030029296875,0.4185638427734375,111.37207794189453
2018-09-28,1.2070999145507812,-0.02001953125,-0.03894805908203125,111.3331298828125
2018-10-01,-0.4477996826171875,10.610107421875,1.2070999145507812,112.54022979736328
2018-10-02,0.01947021484375,-1.16015625,-0.4477996826171875,112.0924301147461
2018-10-03,-2.316802978515625,2.080078125,0.01947021484375,112.11190032958984
2018-10-04,-0.6424789428710938,-23.89990234375,-2.316802978515625,109.79509735107422
2018-10-05,-1.2460098266601562,-16.0400390625,-0.6424789428710938,109.15261840820312
2018-10-08,1.3725662231445312,-1.14013671875,-1.2460098266601562,107.90660858154297
2018-10-09,-5.938026428222656,-4.08984375,1.3725662231445312,109.2791748046875
2018-10-10,-0.24337005615234375,-94.66015625,-5.938026428222656,103.34114837646484
2018-10-11,3.56280517578125,-57.309814453125,-0.24337005615234375,103.0977783203125
2018-10-12,-1.9176864624023438,38.759765625,3.56280517578125,106.66058349609375
2018-10-15,3.3097305297851562,-16.33984375,-1.9176864624023438,104.7428970336914
2018-10-16,-0.28231048583984375,59.1298828125,3.3097305297851562,108.05262756347656
2018-10-17,-2.15130615234375,-0.7099609375,-0.28231048583984375,107.77031707763672
2018-10-18,0.15575408935546875,-40.429931640625,-2.15130615234375,105.61901092529297
2018-10-19,0.9442291259765625,-1.0,0.15575408935546875,105.77476501464844
2018-10-22,-1.4893722534179688,-11.900146484375,0.9442291259765625,106.718994140625
2018-10-23,-5.6265106201171875,-15.18994140625,-1.4893722534179688,105.22962188720703
2018-10-24,5.8212127685546875,-84.58984375,-5.6265106201171875,99.60311126708984
2018-10-25,-1.3044204711914062,49.469970703125,5.8212127685546875,105.42432403564453
2018-10-26,-3.0274276733398438,-46.880126953125,-1.3044204711914062,104.11990356445312
2018-10-29,-0.11681365966796875,-17.43994140625,-3.0274276733398438,101.09247589111328
2018-10-30,2.9982147216796875,41.3798828125,-0.11681365966796875,100.97566223144531
2018-10-31,-0.8663787841796875,29.110107421875,2.9982147216796875,103.973876953125
2018-11-01,0.23365020751953125,28.630126953125,-0.8663787841796875,103.10749816894531
2018-11-02,1.31414794921875,-17.31005859375,0.23365020751953125,103.34114837646484
2018-11-05,0.2044219970703125,15.25,1.31414794921875,104.6552963256836
2018-11-06,4.127410888671875,17.139892578125,0.2044219970703125,104.8597183227539
2018-11-07,-0.2044219970703125,58.43994140625,4.127410888671875,108.98712921142578
2018-11-08,-2.1221237182617188,-7.059814453125,-0.2044219970703125,108.78270721435547
2018-11-09,-2.6282806396484375,-25.820068359375,-2.1221237182617188,106.66058349609375
2018-11-12,0.0681304931640625,-54.7900390625,-2.6282806396484375,104.03230285644531
2018-11-13,-1.47625732421875,-4.0400390625,0.0681304931640625,104.10043334960938
2018-11-14,2.2583770751953125,-20.599853515625,-1.47625732421875,102.62417602539062
2018-11-15,0.9874343872070312,28.619873046875,2.2583770751953125,104.88255310058594
2018-11-16,-3.587982177734375,6.070068359375,0.9874343872070312,105.86998748779297
2018-11-19,-2.844970703125,-45.5400390625,-3.587982177734375,102.2820053100586
2018-11-20,1.3687057495117188,-48.840087890625,-2.844970703125,99.4370346069336
2018-11-21,-0.03910064697265625,8.0400390625,1.3687057495117188,100.80574035644531
2018-11-23,3.3240203857421875,-17.369873046875,-0.03910064697265625,100.76663970947266
2018-11-26,0.6550216674804688,40.889892578125,3.3240203857421875,104.09066009521484
2018-11-27,3.8910675048828125,8.719970703125,0.6550216674804688,104.74568176269531
2018-11-28,-0.9092178344726562,61.6201171875,3.8910675048828125,108.63674926757812
2018-11-29,0.6843490600585938,-5.989990234375,-0.9092178344726562,107.72753143310547
2018-11-30,1.1731796264648438,22.369873046875,0.6843490600585938,108.41188049316406
2018-12-03,-3.4902267456054688,30.2001953125,1.1731796264648438,109.5850601196289
2018-12-04,0.6550445556640625,-90.31005859375,-3.4902267456054688,106.09483337402344
2018-12-06,-4.272346496582031,-4.110107421875,0.6550445556640625,106.7498779296875
2018-12-07,2.7080764770507812,-62.869873046875,-4.272346496582031,102.47753143310547
2018-12-10,0.9776611328125,4.639892578125,2.7080764770507812,105.18560791015625
2018-12-11,0.47905731201171875,-0.93994140625,0.9776611328125,106.16326904296875
2018-12-12,0.361724853515625,14.2900390625,0.47905731201171875,106.64232635498047
2018-12-13,-3.34356689453125,-0.530029296875,0.361724853515625,107.0040512084961
2018-12-14,-3.06982421875,-50.590087890625,-3.34356689453125,103.66048431396484
2018-12-17,1.0558624267578125,-54.010009765625,-3.06982421875,100.59066009521484
2018-12-18,-0.27373504638671875,0.219970703125,1.0558624267578125,101.64652252197266
2018-12-19,-2.13128662109375,-39.199951171875,-0.27373504638671875,101.37278747558594
2018-12-20,-3.2067108154296875,-39.5400390625,-2.13128662109375,99.24150085449219
2018-12-21,-4.008369445800781,-50.7998046875,-3.2067108154296875,96.0347900390625
2018-12-24,6.286308288574219,-65.52001953125,-4.008369445800781,92.02642059326172
2018-12-26,0.6061553955078125,116.599853515625,6.286308288574219,98.31272888183594
2018-12-27,-0.7723541259765625,21.130126953125,0.6061553955078125,98.91888427734375
2018-12-28,1.15362548828125,-3.090087890625,-0.7723541259765625,98.14653015136719
2018-12-31,-0.43994140625,21.110107421875,1.15362548828125,99.30015563964844
2019-01-02,-3.6368637084960938,3.179931640625,-0.43994140625,98.86021423339844
2019-01-03,4.428764343261719,-62.14013671875,-3.6368637084960938,95.22335052490234
2019-01-04,0.1270904541015625,84.050048828125,4.428764343261719,99.65211486816406
2019-01-07,0.7234649658203125,17.75,0.1270904541015625,99.77920532226562
2019-01-08,1.4371414184570312,24.719970703125,0.7234649658203125,100.50267028808594
2019-01-09,-0.6550140380859375,10.550048828125,1.4371414184570312,101.93981170654297
2019-01-10,-0.7821273803710938,11.679931640625,-0.6550140380859375,101.28479766845703
2019-01-11,-0.7332382202148438,-0.3798828125,-0.7821273803710938,100.50267028808594
2019-01-14,2.89385986328125,-13.64990234375,-0.7332382202148438,99.7694320678711
2019-01-15,0.36171722412109375,27.68994140625,2.89385986328125,102.66329193115234
2019-01-16,0.7234649658203125,5.800048828125,0.36171722412109375,103.02500915527344
2019-01-17,1.5544662475585938,19.85986328125,0.7234649658203125,103.74847412109375
2019-01-18,-1.9846343994140625,34.75,1.5544662475585938,105.30294036865234
2019-01-22,1.0069732666015625,-37.81005859375,-1.9846343994140625,103.31830596923828
2019-01-23,-0.49859619140625,5.800048828125,1.0069732666015625,104.32527923583984
2019-01-24,0.9483261108398438,3.630126953125,-0.49859619140625,103.8266830444336
2019-01-25,-2.0432891845703125,22.429931640625,0.9483261108398438,104.77500915527344
2019-01-28,-2.0921707153320312,-20.909912109375,-2.0432891845703125,102.73171997070312
2019-01-29,3.3631210327148438,-3.85009765625,-2.0921707153320312,100.6395492553711
2019-01-30,-1.9064254760742188,41.050048828125,3.3631210327148438,104.00267028808594
2019-01-31,-1.613128662109375,23.050048828125,-1.9064254760742188,102.09624481201172
2019-02-01,2.8938522338867188,2.429931640625,-1.613128662109375,100.48311614990234
2019-02-04,1.4469223022460938,18.340087890625,2.8938522338867188,103.37696838378906
2019-02-05,-1.1634063720703125,12.829833984375,1.4469223022460938,104.82389068603516
2019-02-06,-0.743011474609375,-6.08984375,-1.1634063720703125,103.66048431396484
2019-02-07,0.39105987548828125,-25.56005859375,-0.743011474609375,102.91747283935547
2019-02-08,-0.41062164306640625,1.829833984375,0.39105987548828125,103.30853271484375
2019-02-11,1.603363037109375,1.920166015625,-0.41062164306640625,102.89791107177734
2019-02-12,-0.07822418212890625,34.929931640625,1.603363037109375,104.50127410888672
2019-02-13,0.08798980712890625,8.300048828125,-0.07822418212890625,104.42304992675781
2019-02-14,1.2905044555664062,-7.300048828125,0.08798980712890625,104.51103973388672
2019-02-15,-0.04888153076171875,29.8701171875,1.2905044555664062,105.80154418945312
2019-02-19,-0.5498199462890625,4.159912109375,-0.04888153076171875,105.7526626586914
2019-02-20,2.21893310546875,4.93994140625,-0.5498199462890625,105.20284271240234
2019-02-21,1.5316390991210938,-9.820068359375,2.21893310546875,107.4217758178711
2019-02-22,0.6087417602539062,17.7900390625,1.5316390991210938,108.95341491699219
2019-02-25,0.7560043334960938,3.440185546875,0.6087417602539062,109.5621566772461
2019-02-26,-0.186553955078125,-2.210205078125,0.7560043334960938,110.31816101074219
2019-02-27,-0.137451171875,-1.52001953125,-0.186553955078125,110.13160705566406
2019-02-28,0.4909210205078125,-7.889892578125,-0.137451171875,109.99415588378906
2019-03-01,-0.265106201171875,19.199951171875,0.4909210205078125,110.48507690429688
2019-03-04,-0.5498275756835938,-10.8798828125,-0.265106201171875,110.219970703125
2019-03-05,0.049102783203125,-3.16015625,-0.5498275756835938,109.6701431274414
2019-03-06,-1.3352890014648438,-18.199951171875,0.049102783203125,109.71924591064453
2019-03-07,0.11782073974609375,-22.52001953125,-1.3352890014648438,108.38395690917969
2019-03-08,2.2778472900390625,-5.85986328125,0.11782073974609375,108.50177764892578
2019-03-11,0.7756423950195312,40.22998046875,2.2778472900390625,110.77962493896484
2019-03-12,0.8639984130859375,8.219970703125,0.7756423950195312,111.55526733398438
2019-03-13,0.08837127685546875,19.39990234375,0.8639984130859375,112.41926574707031
2019-03-14,1.2960205078125,-2.43994140625,0.08837127685546875,112.50763702392578
2019-03-15,1.6298141479492188,14.0,1.2960205078125,113.80365753173828
2019-03-18,0.07855987548828125,10.4599609375,1.6298141479492188,115.4334716796875
2019-03-19,-0.1276397705078125,-0.369873046875,0.07855987548828125,115.51203155517578
2019-03-20,2.6509475708007812,-8.340087890625,-0.1276397705078125,115.38439178466797
2019-03-21,-3.1124038696289062,30.64990234375,2.6509475708007812,118.03533935546875
2019-03-22,0.5989227294921875,-54.169921875,-3.1124038696289062,114.92293548583984
2019-03-25,0.24544525146484375,-2.349853515625,0.5989227294921875,115.52185821533203
2019-03-26,-1.119293212890625,20.099853515625,0.24544525146484375,115.76730346679688
2019-03-27,0.15709686279296875,-13.08984375,-1.119293212890625,114.64801025390625
2019-03-28,0.9916610717773438,10.06982421875,0.15709686279296875,114.80510711669922
2019-03-29,1.06036376953125,18.9599609375,0.9916610717773438,115.79676818847656
2019-04-01,0.16690826416015625,32.7900390625,1.06036376953125,116.85713195800781
2019-04-02,0.765838623046875,0.050048828125,0.16690826416015625,117.02404022216797
2019-04-03,-0.5989151000976562,6.159912109375,0.765838623046875,117.78987884521484
2019-04-04,0.5203628540039062,5.989990234375,-0.5989151000976562,117.19096374511719
2019-04-05,0.03926849365234375,13.35009765625,0.5203628540039062,117.7113265991211
2019-04-08,-0.6381988525390625,3.030029296875,0.03926849365234375,117.75059509277344
2019-04-09,0.8934783935546875,-17.570068359375,-0.6381988525390625,117.11239624023438
2019-04-10,0.137451171875,10.010009765625,0.8934783935546875,118.00587463378906
2019-04-11,0.608734130859375,0.110107421875,0.137451171875,118.14332580566406
2019-04-12,0.09818267822265625,19.08984375,0.608734130859375,118.75205993652344
2019-04-15,-0.2749176025390625,-1.829833984375,0.09818267822265625,118.8502426147461
2019-04-16,0.9818344116210938,1.47998046875,-0.2749176025390625,118.57532501220703
2019-04-17,1.5709228515625,-6.610107421875,0.9818344116210938,119.55715942382812
2019-04-18,0.38291168212890625,4.580078125,1.5709228515625,121.12808227539062
2019-04-22,1.64947509765625,2.93994140625,0.38291168212890625,121.51099395751953
2019-04-23,-0.42218780517578125,25.7099609375,1.64947509765625,123.16046905517578
2019-04-24,4.0647735595703125,-6.429931640625,-0.42218780517578125,122.73828125
2019-04-25,0.7265396118164062,-1.080078125,4.0647735595703125,126.80305480957031
2019-04-26,-0.1178131103515625,13.7099609375,0.7265396118164062,127.52959442138672
2019-04-29,0.8149185180664062,3.150146484375,-0.1178131103515625,127.41178131103516
2019-04-30,-2.6705780029296875,2.800048828125,0.8149185180664062,128.22669982910156
2019-05-01,-1.6396484375,-22.10009765625,-2.6705780029296875,125.55612182617188
2019-05-02,2.6411209106445312,-6.2099609375,-1.6396484375,123.91647338867188
2019-05-03,-0.73638916015625,28.119873046875,2.6411209106445312,126.5575942993164
2019-05-06,-2.5821990966796875,-13.169921875,-0.73638916015625,125.82120513916016
2019-05-07,-0.00980377197265625,-48.419921875,-2.5821990966796875,123.23900604248047
2019-05-08,-0.00982666015625,-4.630126953125,-0.00980377197265625,123.22920227050781
2019-05-09,1.6003799438476562,-8.699951171875,-0.00982666015625,123.21937561035156
2019-05-10,-3.7113113403320312,10.679931640625,1.6003799438476562,124.81975555419922
2019-05-13,1.3549270629882812,-69.52978515625,-3.7113113403320312,121.10844421386719
2019-05-14,1.7245559692382812,22.539794921875,1.3549270629882812,122.46337127685547
2019-05-15,2.8676910400390625,16.550048828125,1.7245559692382812,124.18792724609375
2019-05-16,-0.8474807739257812,25.360107421875,2.8676910400390625,127.05561828613281
2019-05-17,-1.8231048583984375,-16.7900390625,-0.8474807739257812,126.20813751220703
2019-05-20,0.6701126098632812,-19.300048828125,-1.8231048583984375,124.3850326538086
2019-05-21,0.7587966918945312,24.130126953125,0.6701126098632812,125.05514526367188
2019-05-22,-1.4683303833007812,-8.090087890625,0.7587966918945312,125.8139419555664
2019-05-23,0.059112548828125,-34.030029296875,-1.4683303833007812,124.34561157226562
2019-05-24,-0.07881927490234375,3.820068359375,0.059112548828125,124.40472412109375
2019-05-28,-1.2022705078125,-23.670166015625,-0.07881927490234375,124.3259048461914
2019-05-29,0.7785110473632812,-19.369873046875,-1.2022705078125,123.1236343383789
2019-05-30,-2.0201950073242188,5.840087890625,0.7785110473632812,123.90214538574219
2019-05-31,-3.7841796875,-36.800048828125,-2.0201950073242188,121.88195037841797
2019-06-03,3.2717437744140625,-7.610107421875,-3.7841796875,118.09777069091797
2019-06-04,2.6311798095703125,58.820068359375,3.2717437744140625,121.36951446533203
2019-06-05,1.9610671997070312,22.8798828125,2.6311798095703125,124.00069427490234
2019-06-06,3.5279388427734375,17.340087890625,1.9610671997070312,125.96176147460938
2019-06-07,1.182586669921875,29.85009765625,3.5279388427734375,129.4897003173828
2019-06-10,-0.49273681640625,13.389892578125,1.182586669921875,130.6722869873047
2019-06-11,-0.60113525390625,-1.010009765625,-0.49273681640625,130.17955017089844
2019-06-12,0.8179168701171875,-5.8798828125,-0.60113525390625,129.5784149169922
2019-06-13,0.1281280517578125,11.7998046875,0.8179168701171875,130.39633178710938
2019-06-14,0.394195556640625,-4.659912109375,0.1281280517578125,130.5244598388672
2019-06-17,2.276397705078125,2.68994140625,0.394195556640625,130.9186553955078
2019-06-18,0.522308349609375,28.080078125,2.276397705078125,133.19505310058594
2019-06-19,1.2416534423828125,8.7099609375,0.522308349609375,133.7173614501953
2019-06-20,0.019744873046875,27.719970703125,1.2416534423828125,134.95901489257812
2019-06-21,0.7982025146484375,-3.719970703125,0.019744873046875,134.978759765625
2019-06-24,-4.286773681640625,-5.10986328125,0.7982025146484375,135.77696228027344
2019-06-25,0.49273681640625,-27.97021484375,-4.286773681640625,131.4901885986328
2019-06-26,0.216796875,-3.599853515625,0.49273681640625,131.98292541503906
2019-06-27,-0.187225341796875,11.139892578125,0.216796875,132.19972229003906
2019-06-28,1.6949920654296875,16.840087890625,-0.187225341796875,132.0124969482422
2019-07-01,0.88690185546875,22.570068359375,1.6949920654296875,133.70748901367188
2019-07-02,0.867218017578125,8.679931640625,0.88690185546875,134.59439086914062
2019-07-03,-0.3941802978515625,22.81005859375,0.867218017578125,135.46160888671875
2019-07-05,-0.098541259765625,-5.41015625,-0.3941802978515625,135.0674285888672
2019-07-08,-0.4927215576171875,-14.4599609375,-0.098541259765625,134.96888732910156
2019-07-09,1.3697967529296875,3.679931640625,-0.4927215576171875,134.47616577148438
2019-07-10,0.5419769287109375,13.440185546875,1.3697967529296875,135.84596252441406
2019-07-11,0.49273681640625,6.83984375,0.5419769287109375,136.387939453125
2019-07-12,0.0,13.860107421875,0.49273681640625,136.88067626953125
2019-07-15,-1.793548583984375,0.530029296875,0.0,136.88067626953125
2019-07-16,-0.7982025146484375,-10.260009765625,-1.793548583984375,135.08712768554688
2019-07-17,0.1478118896484375,-19.6201171875,-0.7982025146484375,134.28892517089844
2019-07-18,0.19708251953125,10.690185546875,0.1478118896484375,134.43673706054688
2019-07-19,1.78369140625,-18.5,0.19708251953125,134.63381958007812
2019-07-22,0.8474884033203125,8.419921875,1.78369140625,136.41751098632812
2019-07-23,1.4092254638671875,20.43994140625,0.8474884033203125,137.26499938964844
2019-07-24,-0.5222930908203125,14.090087890625,1.4092254638671875,138.67422485351562
2019-07-25,1.133270263671875,-15.89013671875,-0.5222930908203125,138.1519317626953
2019-07-26,-0.30548095703125,22.190185546875,1.133270263671875,139.2852020263672
2019-07-29,-0.6701202392578125,-4.89013671875,-0.30548095703125,138.97972106933594
2019-07-30,-4.0206756591796875,-7.7900390625,-0.6701202392578125,138.30960083007812
2019-07-31,1.763946533203125,-32.800048828125,-4.0206756591796875,134.28892517089844
2019-08-01,-1.1431427001953125,-26.81982421875,1.763946533203125,136.05287170410156
2019-08-02,-4.6217803955078125,-21.510009765625,-1.1431427001953125,134.90972900390625
2019-08-05,2.443939208984375,-87.31005859375,-4.6217803955078125,130.28794860839844
2019-08-06,0.581390380859375,37.030029296875,2.443939208984375,132.7318878173828
2019-08-07,3.55755615234375,2.2099609375,0.581390380859375,133.3132781982422
2019-08-08,-1.162841796875,54.110107421875,3.55755615234375,136.87083435058594
2019-08-09,-1.8921051025390625,-19.440185546875,-1.162841796875,135.70799255371094
2019-08-12,2.7691650390625,-35.949951171875,-1.8921051025390625,133.81588745117188
2019-08-13,-4.113189697265625,43.6201171875,2.7691650390625,136.58505249023438
2019-08-14,-0.2966156005859375,-85.719970703125,-4.113189697265625,132.47186279296875
2019-08-15,2.4224395751953125,7.0,-0.2966156005859375,132.1752471923828
2019-08-16,2.25433349609375,41.079833984375,2.4224395751953125,134.59768676757812
2019-08-19,-1.1370697021484375,34.969970703125,2.25433349609375,136.85202026367188
2019-08-20,1.51275634765625,-23.139892578125,-1.1370697021484375,135.71495056152344
2019-08-21,-0.998626708984375,23.919921875,1.51275634765625,137.2277069091797
2019-08-22,-4.340576171875,-1.47998046875,-0.998626708984375,136.2290802001953
2019-08-23,2.0368194580078125,-75.83984375,-4.340576171875,131.8885040283203
2019-08-26,0.2867279052734375,31.269775390625,2.0368194580078125,133.92532348632812
2019-08-27,-0.177978515625,-9.219970703125,0.2867279052734375,134.21205139160156
2019-08-28,2.53118896484375,18.780029296875,-0.177978515625,134.03407287597656
2019-08-29,-0.257049560546875,36.64013671875,2.53118896484375,136.5652618408203
2019-08-30,-1.799530029296875,1.8798828125,-0.257049560546875,136.30821228027344
2019-09-03,1.572113037109375,-20.18994140625,-1.799530029296875,134.50868225097656
2019-09-04,2.3927459716796875,31.510009765625,1.572113037109375,136.08079528808594
2019-09-05,-0.939300537109375,38.219970703125,2.3927459716796875,138.47354125976562
2019-09-06,-1.5622100830078125,2.7099609375,-0.939300537109375,137.53424072265625
2019-09-09,-1.4237823486328125,-0.280029296875,-1.5622100830078125,135.97203063964844
2019-09-10,0.0395050048828125,0.9599609375,-1.4237823486328125,134.54824829101562
2019-09-11,1.38427734375,21.5400390625,0.0395050048828125,134.58775329589844
2019-09-12,-0.1977691650390625,8.64013671875,1.38427734375,135.97203063964844
2019-09-13,-0.9788360595703125,-2.18017578125,-0.1977691650390625,135.77426147460938
2019-09-16,1.0480804443359375,-9.429931640625,-0.9788360595703125,134.79542541503906
2019-09-17,1.1172637939453125,7.739990234375,1.0480804443359375,135.843505859375
2019-09-18,2.52130126953125,1.030029296875,1.1172637939453125,136.9607696533203
2019-09-19,-1.611663818359375,0.06005859375,2.52130126953125,139.48207092285156
2019-09-20,-0.296630859375,-14.719970703125,-1.611663818359375,137.8704071044922
2019-09-23,-1.74017333984375,-0.2900390625,-0.296630859375,137.5737762451172
2019-09-24,1.95770263671875,-25.179931640625,-1.74017333984375,135.83360290527344
2019-09-25,0.177978515625,18.27001953125,1.95770263671875,137.7913055419922
2019-09-26,-1.789642333984375,-7.25,0.177978515625,137.9692840576172
2019-09-27,1.2853851318359375,-15.830078125,-1.789642333984375,136.1796417236328
2019-09-30,-1.93792724609375,14.949951171875,1.2853851318359375,137.46502685546875
2019-10-01,-2.3927764892578125,-36.489990234375,-1.93792724609375,135.527099609375
2019-10-02,1.6116485595703125,-52.639892578125,-2.3927764892578125,133.1343231201172
2019-10-03,1.8192901611328125,23.019775390625,1.6116485595703125,134.7459716796875
2019-10-04,-0.988739013671875,41.380126953125,1.8192901611328125,136.5652618408203
2019-10-07,-1.4336700439453125,-13.219970703125,-0.988739013671875,135.57652282714844
2019-10-08,2.5410614013671875,-45.72998046875,-1.4336700439453125,134.14285278320312
2019-10-09,0.8503265380859375,26.33984375,2.5410614013671875,136.6839141845703
2019-10-10,0.573455810546875,18.72998046875,0.8503265380859375,137.53424072265625
2019-10-11,-0.1285247802734375,32.14013671875,0.573455810546875,138.10769653320312
2019-10-14,1.9972686767578125,-4.1201171875,-0.1285247802734375,137.9791717529297
2019-10-15,-1.1469573974609375,29.530029296875,1.9972686767578125,139.9764404296875
2019-10-16,-0.7118988037109375,-5.989990234375,-1.1469573974609375,138.82948303222656
2019-10-17,-2.25433349609375,8.260009765625,-0.7118988037109375,138.11758422851562
2019-10-18,1.008514404296875,-11.75,-2.25433349609375,135.86325073242188
2019-10-21,-2.03680419921875,20.52001953125,1.008514404296875,136.87176513671875
2019-10-22,0.8602294921875,-10.72998046875,-2.03680419921875,134.8349609375
2019-10-23,2.6696014404296875,8.530029296875,0.8602294921875,135.6951904296875
2019-10-24,0.7810821533203125,5.77001953125,2.6696014404296875,138.3647918701172
2019-10-25,3.4210662841796875,12.260009765625,0.7810821533203125,139.1458740234375
2019-10-28,-1.344696044921875,16.869873046875,3.4210662841796875,142.5669403076172
2019-10-29,1.759979248046875,-2.530029296875,-1.344696044921875,141.2222442626953
2019-10-30,-1.2260589599609375,9.880126953125,1.759979248046875,142.9822235107422
2019-10-31,0.3460693359375,-9.2099609375,-1.2260589599609375,141.75616455078125
2019-11-01,0.8206634521484375,29.349853515625,0.3460693359375,142.10223388671875
2019-11-04,-0.0889739990234375,11.360107421875,0.8206634521484375,142.9228973388672
2019-11-05,-0.3955230712890625,-3.64990234375,-0.0889739990234375,142.83392333984375
2019-11-06,0.1977386474609375,2.159912109375,-0.3955230712890625,142.4384002685547
2019-11-07,1.680877685546875,8.39990234375,0.1977386474609375,142.63613891601562
2019-11-08,0.1483154296875,7.900146484375,1.680877685546875,144.3170166015625
2019-11-11,0.949188232421875,-6.070068359375,0.1483154296875,144.46533203125
2019-11-12,0.2373046875,4.830078125,0.949188232421875,145.41452026367188
2019-11-13,0.741546630859375,2.199951171875,0.2373046875,145.65182495117188
2019-11-14,1.888519287109375,2.58984375,0.741546630859375,146.39337158203125
2019-11-15,0.3658294677734375,23.830078125,1.888519287109375,148.28189086914062
2019-11-18,0.0494232177734375,1.570068359375,0.3658294677734375,148.64772033691406
2019-11-19,-0.2579498291015625,-1.85009765625,0.0494232177734375,148.6971435546875
2019-11-20,-0.1389007568359375,-11.719970703125,-0.2579498291015625,148.43919372558594
2019-11-21,0.1091461181640625,-4.919921875,-0.1389007568359375,148.30029296875
2019-11-22,1.6270599365234375,6.75,0.1091461181640625,148.40943908691406
2019-11-25,0.7936859130859375,23.349853515625,1.6270599365234375,150.0364990234375
2019-11-26,0.2877197265625,6.880126953125,0.7936859130859375,150.83018493652344
2019-11-27,-0.932586669921875,13.10986328125,0.2877197265625,151.11790466308594
2019-11-29,-1.8155517578125,-12.64990234375,-0.932586669921875,150.18531799316406
2019-12-02,-0.2381134033203125,-27.10986328125,-1.8155517578125,148.36976623535156
2019-12-03,0.535736083984375,-20.670166015625,-0.2381134033203125,148.13165283203125
2019-12-04,0.0793609619140625,19.56005859375,0.535736083984375,148.66738891601562
2019-12-05,1.805633544921875,4.669921875,0.0793609619140625,148.7467498779297
2019-12-06,-0.38690185546875,28.47998046875,1.805633544921875,150.55238342285156
2019-12-09,-0.228179931640625,-9.949951171875,-0.38690185546875,150.1654815673828
2019-12-10,0.5654754638671875,-3.43994140625,-0.228179931640625,149.9373016357422
2019-12-11,1.527862548828125,9.10986328125,0.5654754638671875,150.50277709960938
2019-12-12,1.279815673828125,26.940185546875,1.527862548828125,152.0306396484375
2019-12-13,0.992095947265625,0.22998046875,1.279815673828125,153.31045532226562
2019-12-16,-0.8333587646484375,22.64990234375,0.992095947265625,154.30255126953125
2019-12-17,-0.3174591064453125,1.070068359375,-0.8333587646484375,153.4691925048828
2019-12-18,1.3294219970703125,-1.380126953125,-0.3174591064453125,153.1517333984375
2019-12-19,1.68658447265625,14.230224609375,1.3294219970703125,154.4811553955078
2019-12-20,0.0,15.849853515625,1.68658447265625,156.16773986816406
2019-12-23,-0.02978515625,2.7900390625,0.0,156.16773986816406
2019-12-24,1.2798309326171875,-0.630126953125,-0.02978515625,156.13795471191406
2019-12-26,0.2877197265625,16.530029296875,1.2798309326171875,157.41778564453125
2019-12-27,-1.3592071533203125,0.110107421875,0.2877197265625,157.70550537109375
2019-12-30,0.109130859375,-18.72998046875,-1.3592071533203125,156.34629821777344
2019-12-31,2.8969573974609375,9.489990234375,0.109130859375,156.45542907714844
2020-01-02,-1.9842071533203125,27.070068359375,2.8969573974609375,159.35238647460938
2020-01-03,0.406768798828125,-23.0,-1.9842071533203125,157.36817932128906
2020-01-06,-1.4385528564453125,11.429931640625,0.406768798828125,157.7749481201172
2020-01-07,2.49017333984375,-9.10009765625,-1.4385528564453125,156.33639526367188
2020-01-08,1.9842071533203125,15.8701171875,2.49017333984375,158.82656860351562
2020-01-09,-0.7440643310546875,21.64990234375,1.9842071533203125,160.81077575683594
2020-01-10,1.9246826171875,-9.349853515625,-0.7440643310546875,160.06671142578125
2020-01-13,-1.1409149169921875,22.77978515625,1.9246826171875,161.99139404296875
2020-01-14,1.041717529296875,-4.97998046875,-1.1409149169921875,160.85047912597656
2020-01-15,2.966400146484375,6.14013671875,1.041717529296875,161.89219665527344
2020-01-16,0.92266845703125,27.52001953125,2.966400146484375,164.8585968017578
2020-01-17,-0.59527587890625,12.81005859375,0.92266845703125,165.78126525878906
2020-01-21,-0.7936859130859375,-8.830078125,-0.59527587890625,165.1859893798828
2020-01-22,1.0119476318359375,0.9599609375,-0.7936859130859375,164.39230346679688
2020-01-23,-1.6667327880859375,3.7900390625,1.0119476318359375,165.4042510986328
2020-01-24,-2.7382354736328125,-30.070068359375,-1.6667327880859375,163.73751831054688
2020-01-27,3.154937744140625,-51.840087890625,-2.7382354736328125,160.99928283691406
2020-01-28,2.559600830078125,32.610107421875,3.154937744140625,164.1542205810547
2020-01-29,4.702606201171875,-2.840087890625,2.559600830078125,166.7138214111328
2020-01-30,-2.529876708984375,10.260009765625,4.702606201171875,171.4164276123047
2020-01-31,4.1172637939453125,-58.139892578125,-2.529876708984375,168.8865509033203
2020-02-03,5.6946868896484375,23.39990234375,4.1172637939453125,173.00381469726562
2020-02-04,-0.21826171875,48.670166015625,5.6946868896484375,178.69850158691406
2020-02-05,3.7005767822265625,37.099853515625,-0.21826171875,178.48023986816406
2020-02-06,0.2579345703125,11.090087890625,3.7005767822265625,182.18081665039062
2020-02-07,4.77203369140625,-18.070068359375,0.2579345703125,182.43875122070312
2020-02-10,-4.22637939453125,24.380126953125,4.77203369140625,187.21078491210938
2020-02-11,0.2678680419921875,5.659912109375,-4.22637939453125,182.98440551757812
2020-02-12,-0.992095947265625,21.699951171875,0.2678680419921875,183.2522735595703
2020-02-13,1.627044677734375,-5.510009765625,-0.992095947265625,182.2601776123047
2020-02-14,1.86517333984375,6.219970703125,1.627044677734375,183.88722229003906
2020-02-18,0.557098388671875,-9.869873046875,1.86517333984375,185.7523956298828
2020-02-19,-2.845184326171875,15.85986328125,0.557098388671875,186.3094940185547
2020-02-20,-5.7997894287109375,-12.919921875,-2.845184326171875,183.4643096923828
2020-02-21,-7.66009521484375,-35.47998046875,-5.7997894287109375,177.66452026367188
2020-02-24,-2.8053741455078125,-111.860107421875,-7.66009521484375,170.00442504882812
2020-02-25,2.0890960693359375,-97.679931640625,-2.8053741455078125,167.1990509033203
2020-02-26,-11.9278564453125,-11.820068359375,2.0890960693359375,169.28814697265625
2020-02-27,3.810150146484375,-137.6298828125,-11.9278564453125,157.36029052734375
2020-02-28,10.724136352539062,-24.5400390625,3.810150146484375,161.17044067382812
2020-03-02,-8.237091064453125,136.010009765625,10.724136352539062,171.8945770263672
2020-03-03,6.008697509765625,-86.85986328125,-8.237091064453125,163.65748596191406
2020-03-04,-4.2578125,126.75,6.008697509765625,169.6661834716797
2020-03-05,-4.675628662109375,-106.18017578125,-4.2578125,165.4083709716797
2020-03-06,-10.893280029296875,-51.56982421875,-4.675628662109375,160.7327423095703
2020-03-09,10.246627807617188,-225.81005859375,-10.893280029296875,149.83946228027344
2020-03-10,-7.2522125244140625,135.669921875,10.246627807617188,160.08609008789062
2020-03-11,-14.4945068359375,-140.85009765625,-7.2522125244140625,152.83387756347656
2020-03-12,19.66754150390625,-260.739990234375,-14.4945068359375,138.33937072753906
2020-03-13,-23.288681030273438,230.380126953125,19.66754150390625,158.0069122314453
2020-03-16,11.092239379882812,-324.89013671875,-23.288681030273438,134.71823120117188
2020-03-17,-6.1380462646484375,143.06005859375,11.092239379882812,145.8104705810547
2020-03-18,2.2980499267578125,-131.08984375,-6.1380462646484375,139.67242431640625
2020-03-19,-5.3322296142578125,11.289794921875,2.2980499267578125,141.97047424316406
2020-03-20,-1.3628997802734375,-104.469970703125,-5.3322296142578125,136.63824462890625
2020-03-23,12.295944213867188,-67.52001953125,-1.3628997802734375,135.2753448486328
2020-03-24,-1.41265869140625,209.93017578125,12.295944213867188,147.5712890625
2020-03-25,9.14239501953125,28.22998046875,-1.41265869140625,146.15863037109375
2020-03-26,-6.376800537109375,154.510009765625,9.14239501953125,155.301025390625
2020-03-27,10.475448608398438,-88.60009765625,-6.376800537109375,148.92422485351562
2020-03-30,-2.5069427490234375,85.179931640625,10.475448608398438,159.39967346191406
2020-03-31,-5.57098388671875,-42.059814453125,-2.5069427490234375,156.89273071289062
2020-04-01,3.1336669921875,-114.090087890625,-5.57098388671875,151.32174682617188
2020-04-02,-1.422576904296875,56.39990234375,3.1336669921875,154.45541381835938
2020-04-03,11.380706787109375,-38.25,-1.422576904296875,153.0328369140625
2020-04-06,-1.7707672119140625,175.030029296875,11.380706787109375,164.41354370117188
2020-04-07,1.631500244140625,-4.27001953125,-1.7707672119140625,162.6427764892578
2020-04-08,0.00994873046875,90.570068359375,1.631500244140625,164.27427673339844
2020-04-09,0.3680877685546875,39.840087890625,0.00994873046875,164.2842254638672
2020-04-13,8.147552490234375,-28.190185546875,0.3680877685546875,164.65231323242188
2020-04-14,-1.8105621337890625,84.43017578125,8.147552490234375,172.79986572265625
2020-04-15,5.13323974609375,-62.699951171875,-1.8105621337890625,170.9893035888672
2020-04-16,1.55194091796875,16.18994140625,5.13323974609375,176.12254333496094
2020-04-17,-3.52166748046875,75.010009765625,1.55194091796875,177.6744842529297
2020-04-20,-7.2024688720703125,-51.400146484375,-3.52166748046875,174.15281677246094
2020-04-21,5.6704559326171875,-86.599853515625,-7.2024688720703125,166.95034790039062
2020-04-22,-2.0891265869140625,62.75,5.6704559326171875,172.6208038330078
2020-04-23,3.1137847900390625,-1.510009765625,-2.0891265869140625,170.53167724609375
2020-04-24,-0.497406005859375,38.93994140625,3.1137847900390625,173.6454620361328
2020-04-27,-4.2180328369140625,41.739990234375,-0.497406005859375,173.14805603027344
2020-04-28,7.58050537109375,-15.090087890625,-4.2180328369140625,168.93002319335938
2020-04-29,1.770782470703125,76.1201171875,7.58050537109375,176.51052856445312
2020-04-30,-4.615936279296875,-27.080078125,1.770782470703125,178.28131103515625
2020-05-01,4.2478485107421875,-81.719970703125,-4.615936279296875,173.66537475585938
2020-05-04,1.9100494384765625,12.030029296875,4.2478485107421875,177.91322326660156
2020-05-05,1.770782470703125,25.699951171875,1.9100494384765625,179.82327270507812
2020-05-06,1.0545196533203125,-20.02001953125,1.770782470703125,181.59405517578125
2020-05-07,1.074371337890625,32.77001953125,1.0545196533203125,182.64857482910156
2020-05-08,2.049346923828125,48.610107421875,1.074371337890625,183.7229461669922
2020-05-11,-4.208099365234375,0.389892578125,2.049346923828125,185.7722930908203
2020-05-12,-2.7456817626953125,-60.06982421875,-4.208099365234375,181.56419372558594
2020-05-13,0.7759552001953125,-50.1201171875,-2.7456817626953125,178.81851196289062
2020-05-14,2.6163787841796875,32.5,0.7759552001953125,179.59446716308594
2020-05-15,1.7409210205078125,11.199951171875,2.6163787841796875,182.21084594726562
2020-05-18,-1.2733612060546875,90.2099609375,1.7409210205078125,183.95176696777344
2020-05-19,2.53387451171875,-30.969970703125,-1.2733612060546875,182.67840576171875
2020-05-20,-2.2246246337890625,48.670166015625,2.53387451171875,185.2122802734375
2020-05-21,0.079803466796875,-23.10009765625,-2.2246246337890625,182.98765563964844
2020-05-22,-1.935302734375,6.93994140625,0.079803466796875,183.0674591064453
2020-05-26,0.239410400390625,36.320068359375,-1.935302734375,181.1321563720703
2020-05-27,-0.4090118408203125,44.35986328125,0.239410400390625,181.37156677246094
2020-05-28,1.8455352783203125,-6.39990234375,-0.4090118408203125,180.96255493164062
2020-05-29,-0.418975830078125,14.580078125,1.8455352783203125,182.80809020996094
2020-06-01,2.074981689453125,11.419921875,-0.418975830078125,182.3891143798828
2020-06-02,0.44891357421875,25.090087890625,2.074981689453125,184.46409606933594
2020-06-03,-2.4341278076171875,42.050048828125,0.44891357421875,184.9130096435547
2020-06-04,4.269683837890625,-10.52001953125,-2.4341278076171875,182.4788818359375
2020-06-05,1.1572113037109375,81.579833984375,4.269683837890625,186.74856567382812
2020-06-08,1.4365234375,38.4599609375,1.1572113037109375,187.90577697753906
2020-06-09,7.0230255126953125,-25.2099609375,1.4365234375,189.34230041503906
2020-06-10,-10.544509887695312,-17.0400390625,7.0230255126953125,196.36532592773438
2020-06-11,1.466461181640625,-188.039794921875,-10.544509887695312,185.82081604003906
2020-06-12,1.1970977783203125,39.2099609375,1.466461181640625,187.2872772216797
2020-06-15,4.61883544921875,25.280029296875,1.1970977783203125,188.484375
2020-06-16,0.6683807373046875,58.14990234375,4.61883544921875,193.10321044921875
2020-06-17,2.0749969482421875,-11.25,0.6683807373046875,193.77159118652344
2020-06-18,-1.1671905517578125,1.85009765625,2.0749969482421875,195.84658813476562
2020-06-19,5.4069366455078125,-17.60009765625,-1.1671905517578125,194.6793975830078
2020-06-22,1.336761474609375,20.1201171875,5.4069366455078125,200.08633422851562
2020-06-23,-4.0601806640625,13.429931640625,1.336761474609375,201.423095703125
2020-06-24,2.49395751953125,-80.9599609375,-4.0601806640625,197.3629150390625
2020-06-25,-4.0003204345703125,33.429931640625,2.49395751953125,199.85687255859375
2020-06-26,2.10491943359375,-74.7099609375,-4.0003204345703125,195.85655212402344
2020-06-29,5.0577545166015625,44.18994140625,2.10491943359375,197.9614715576172
2020-06-30,1.1871337890625,47.050048828125,5.0577545166015625,203.01922607421875
2020-07-01,1.556243896484375,15.570068359375,1.1871337890625,204.20635986328125
2020-07-02,4.429290771484375,14.14990234375,1.556243896484375,205.76260375976562
2020-07-06,-2.444091796875,49.7099609375,4.429290771484375,210.19189453125
2020-07-07,4.5689697265625,-34.39990234375,-2.444091796875,207.747802734375
2020-07-08,1.4864044189453125,24.619873046875,4.5689697265625,212.3167724609375
2020-07-09,-0.6484375,-17.889892578125,1.4864044189453125,213.8031768798828
2020-07-10,-6.584075927734375,32.989990234375,-0.6484375,213.1547393798828
2020-07-13,1.27691650390625,-29.820068359375,-6.584075927734375,206.57066345214844
2020-07-14,-0.30926513671875,42.300048828125,1.27691650390625,207.8475799560547
2020-07-15,-4.1100616455078125,29.0400390625,-0.30926513671875,207.53831481933594
2020-07-16,-1.0374908447265625,-10.989990234375,-4.1100616455078125,203.42825317382812
2020-07-17,8.698974609375,9.159912109375,-1.0374908447265625,202.39076232910156
2020-07-20,-2.8431396484375,27.110107421875,8.698974609375,211.08973693847656
2020-07-21,2.992767333984375,5.4599609375,-2.8431396484375,208.24659729003906
2020-07-22,-9.187789916992188,18.719970703125,2.992767333984375,211.23936462402344
2020-07-23,-1.23699951171875,-40.360107421875,-9.187789916992188,202.05157470703125
2020-07-24,2.543853759765625,-20.030029296875,-1.23699951171875,200.8145751953125
2020-07-27,-1.825592041015625,23.780029296875,2.543853759765625,203.35842895507812
2020-07-28,2.0350799560546875,-20.969970703125,-1.825592041015625,201.5328369140625
2020-07-29,-0.1596221923828125,40.0,2.0350799560546875,203.5679168701172
2020-07-30,1.1073150634765625,-12.219970703125,-0.1596221923828125,203.40829467773438
2020-07-31,11.502197265625,24.900146484375,1.1073150634765625,204.51560974121094
2020-08-03,-3.242156982421875,23.489990234375,11.502197265625,216.01780700683594
2020-08-04,-0.349151611328125,11.89990234375,-3.242156982421875,212.77565002441406
2020-08-05,3.4017791748046875,21.260009765625,-0.349151611328125,212.42649841308594
2020-08-06,-3.8606719970703125,21.389892578125,3.4017791748046875,215.82827758789062
2020-08-07,-4.2198028564453125,2.1201171875,-3.8606719970703125,211.9676055908203
2020-08-10,-4.858245849609375,9.18994140625,-4.2198028564453125,207.747802734375
2020-08-11,5.795989990234375,-26.780029296875,-4.858245849609375,202.88955688476562
2020-08-12,-0.48883056640625,46.66015625,5.795989990234375,208.685546875
2020-08-13,0.19952392578125,-6.920166015625,-0.48883056640625,208.19671630859375
2020-08-14,1.376678466796875,-0.579833984375,0.19952392578125,208.396240234375
2020-08-17,1.2070770263671875,9.139892578125,1.376678466796875,209.77291870117188
2020-08-18,-1.279998779296875,7.7900390625,1.2070770263671875,210.97999572753906
2020-08-19,4.8800048828125,-14.929931640625,-1.279998779296875,209.6999969482422
2020-08-20,-1.55999755859375,10.659912109375,4.8800048828125,214.5800018310547
2020-08-21,0.6699981689453125,11.64990234375,-1.55999755859375,213.02000427246094
2020-08-24,2.779998779296875,34.1201171875,0.6699981689453125,213.69000244140625
2020-08-25,4.67999267578125,12.340087890625,2.779998779296875,216.47000122070312
2020-08-26,5.4300079345703125,35.10986328125,4.67999267578125,221.14999389648438
2020-08-27,2.3300018310546875,5.820068359375,5.4300079345703125,226.5800018310547
2020-08-28,-3.3800048828125,23.4599609375,2.3300018310546875,228.91000366210938
2020-08-31,1.7400054931640625,-7.699951171875,-3.3800048828125,225.52999877929688
2020-09-01,4.3799896240234375,26.33984375,1.7400054931640625,227.27000427246094
2020-09-02,4.3799896240234375,54.190185546875,4.3799896240234375,231.64999389648438
